Technology,Value
wind,0.0
solar,2370.6383
gas,554.9566
batt,27978.426
COST,4647239.905080201
EMIS,216.698122566
Energy_batt,89882185.93852992
