Technology,Value
wind,217638.21
solar,720613.33
gas,23189.88
COST,204177899.15066135
EMIS,73765.851992422
